titre,url
Kin Fluor Bain de bouche enfant Fraise 500ml,https://citymall-para.ma/produit/kin-fluor-bain-de-bouche-enfant-fraise-500ml/
ELGYDIUM Junior 7/12 ans Brosse à Dents Enfant,https://citymall-para.ma/produit/elgydium-junior-7-12-ans-brosse-a-dents-enfant/
PARODONTAX DENTIFRICE ORIGINAL 75 ML,https://citymall-para.ma/produit/parodontax-dentifrice-original-75-ml/
VITIS BROSSE A DENTS SENSITIVE,https://citymall-para.ma/produit/vitis-brosse-a-dents-sensitive/
VITIS BROSSE A DENT GINGIVAL,https://citymall-para.ma/produit/vitis-brosse-a-dent-gingival/
VITIS Gingival Bain De Bouche 500ml,https://citymall-para.ma/produit/vitis-gingival-bain-de-bouche-500ml/
Vitis Gingival Dentifrice 100 Ml,https://citymall-para.ma/produit/vitis-gingival-dentifrice-100-ml/
ALOE FRESH Bain de Bouche avec Antibactérien 250ML,https://citymall-para.ma/produit/aloe-fresh-bain-de-bouche-avec-antibacterien-250ml/
Aloe Fresh Dentifrice Gel Whitening 100ml,https://citymall-para.ma/produit/aloe-fresh-dentifrice-sensitive-100-ml/
Aloe Fresh Gel Dentifrice Sensitive 100ml,https://citymall-para.ma/produit/aloe-fresh-gel-dentifrice-sensitive-100ml/
Aloe Fresh Gel Dentifrice Smile 100ml,https://citymall-para.ma/produit/aloe-fresh-gel-dentifrice-smile-100ml/
Bain de Bouche au Charbon Actif Arôme Menthe 300ml Denti Smile,https://citymall-para.ma/produit/bain-de-bouche-au-charbon-actif-arome-menthe-300ml-denti-smile/
Kin Fluor Bain de bouche enfant Fraise 500ml,https://citymall-para.ma/produit/kin-fluor-bain-de-bouche-enfant-fraise-500ml/
ELGYDIUM Junior 7/12 ans Brosse à Dents Enfant,https://citymall-para.ma/produit/elgydium-junior-7-12-ans-brosse-a-dents-enfant/
PARODONTAX DENTIFRICE ORIGINAL 75 ML,https://citymall-para.ma/produit/parodontax-dentifrice-original-75-ml/
VITIS BROSSE A DENTS SENSITIVE,https://citymall-para.ma/produit/vitis-brosse-a-dents-sensitive/
VITIS BROSSE A DENT GINGIVAL,https://citymall-para.ma/produit/vitis-brosse-a-dent-gingival/
VITIS Gingival Bain De Bouche 500ml,https://citymall-para.ma/produit/vitis-gingival-bain-de-bouche-500ml/
Vitis Gingival Dentifrice 100 Ml,https://citymall-para.ma/produit/vitis-gingival-dentifrice-100-ml/
ALOE FRESH Bain de Bouche avec Antibactérien 250ML,https://citymall-para.ma/produit/aloe-fresh-bain-de-bouche-avec-antibacterien-250ml/
Aloe Fresh Dentifrice Gel Whitening 100ml,https://citymall-para.ma/produit/aloe-fresh-dentifrice-sensitive-100-ml/
Aloe Fresh Gel Dentifrice Sensitive 100ml,https://citymall-para.ma/produit/aloe-fresh-gel-dentifrice-sensitive-100ml/
Aloe Fresh Gel Dentifrice Smile 100ml,https://citymall-para.ma/produit/aloe-fresh-gel-dentifrice-smile-100ml/
Bain de Bouche au Charbon Actif Arôme Menthe 300ml Denti Smile,https://citymall-para.ma/produit/bain-de-bouche-au-charbon-actif-arome-menthe-300ml-denti-smile/
Bexident Bain de Bouche Anticaries 500ml,https://citymall-para.ma/produit/bexident-bain-de-bouche-anticaries-500ml/
Bexident Bain de Bouche Blancheur 500ml,https://citymall-para.ma/produit/bexident-bain-de-bouche-blancheur-500ml/
Bexident Bain de Bouche Dents Sensibles 250ml,https://citymall-para.ma/produit/bexident-bain-de-bouche-dents-sensibles-250ml/
Bexident Bain de Bouche Encias 250ml,https://citymall-para.ma/produit/bexident-bain-de-bouche-encias-250ml/
Bexident Bain de Bouche Fraicheur 500ml,https://citymall-para.ma/produit/bexident-bain-de-bouche-fraicheur-500ml/
Bexident Bain de Bouche Post 250ml,https://citymall-para.ma/produit/bexident-bain-de-bouche-post-250ml/
Bexident Dentifrices Anticaries 125ml,https://citymall-para.ma/produit/bexident-dentifrices-anticaries-125ml/
Bexident Dentifrices Blancheur 125ml,https://citymall-para.ma/produit/bexident-dentifrices-blancheur-125ml/
Bexident Dentifrices Dents Sensibles 75ml,https://citymall-para.ma/produit/bexident-dentifrices-dents-sensibles-75ml/
Bexident Dentifrices Gencives Daily Use 75ml,https://citymall-para.ma/produit/bexident-dentifrices-gencives-daily-use-75ml/
Bexident Dentifrices Intensive Care 0.12% 75ml,https://citymall-para.ma/produit/bexident-dentifrices-intensive-care-0-12-75ml/
Bexident Gel Gingival 0.2% 50ml,https://citymall-para.ma/produit/bexident-gel-gingival-0-2-50ml/
Bexident Gel Topique Dents Sensibles 50ml,https://citymall-para.ma/produit/bexident-gel-topique-dents-sensibles-50ml/
Bexident Gel Topique Post 25ml,https://citymall-para.ma/produit/bexident-gel-topique-post-25ml/
BOTOT Bain de Bouche Hygiène Bucco-Dentaire 150ML,https://citymall-para.ma/produit/bain-de-bouche-150-ml-botot-hygiene-bucco-dentaire/
BOTOT Bain de Bouche Purifiant et Rafraîchissant 500ML,https://citymall-para.ma/produit/botot-bain-de-bouche-purifiant-et-rafraichissant-500-ml/
BOTOT Dentifrice Vert Menthe Pin Eucalyptus 75ML,https://citymall-para.ma/produit/botot-dentifrice-vert-menthe-pin-eucalyptus-75ml-2/
BOTOT Eau de Bouche Purifiante et Rafraichissante 100ML,https://citymall-para.ma/produit/botot-eau-de-bouche-purifiante-et-rafraichissante-100-ml/
Brosse à dents Gum Junior 6+,https://citymall-para.ma/produit/brosse-a-dents-gum-junior-6/
BUCCOTHERM BAUME PREMIÈRES DENTS 0-2 ANS CERTIFIÉ BIO 50ML,https://citymall-para.ma/produit/buccotherm-baume-premieres-dents-0-2-ans-certifie-bio-50ml/
BUCCOTHERM CHARBON NOIR,https://citymall-para.ma/produit/buccotherm-dentifrice-blancheur-charbon-75ml/
BUCCOTHERM PREVENTION CARIES CITRON,https://citymall-para.ma/produit/buccotherm-dentifrice-protection-complete-au-citron-certifie-bio-75-ml/
BUCCOTHERM KIT DE VOYAGE ÉCOLOGIQUE SANS FLUOR 25ML,https://citymall-para.ma/produit/buccotherm-kit-de-voyage-ecologique-sans-flour-25ml/
BUCCOTHERM KIT PREMIERES DENTS 0-2 ANS CERTFIER BIO,https://citymall-para.ma/produit/buccotherm-kit-premieres-dents-0-2-ans-certifie-bio-50ml/
BUCCOTHERM PREVENTION CARIES MENTHE,https://citymall-para.ma/produit/buccotherm-prevention-caries-75-ml-gout-menthe/
Cattier Dentargile Dentifrice Anis 75ML,https://citymall-para.ma/produit/dentargile-anis-dentifrice-combat-la-plaque-dentaire/
Cattier Dentargile Dentifrice Propolis 75ml,https://citymall-para.ma/produit/cattier-dentargile-dentifrice-propolis-75ml/
Cattier Dentargile Romarin 75ML,https://citymall-para.ma/produit/dentargile-romarin-75-ml-cattier/
Cattier Dentargile Sauge 75ML,https://citymall-para.ma/produit/dentargile-sauge-75-ml-cattier/
CATTIER Dentifrice kids 2-6 ans Goût framboise Sans sulfates 50ML,https://citymall-para.ma/produit/cattier-dentifrice-soins-enfant2-6-ans-framboise-50ml/
Cattier Dentifrice kids 7 ans+ Goût menthe Sans sulfates 50ML,https://citymall-para.ma/produit/dentifrice-7-ans-et-gout-menthe-douce-50-ml-cattier/
Cattier Eridène Dentifrice Sans Sulfates Ni Fluor Bio 75ML,https://citymall-para.ma/produit/cattier-eridene-dentifrice-sans-sulfates-ni-fluor-bio-75-ml/
CATTIER Kids Bio Dentifrice 2-6Ans Goût Pastèque 50ML,https://citymall-para.ma/produit/cattier-kids-bio-dentifrice-2-6ans-gout-pasteque-50ml/
Crest 3d White deluxe dentifrice 3 en 1 75ml,https://citymall-para.ma/produit/crest-3d-white-deluxe-dentifrice-3-en-1-75ml/
Curaprox Brosset  Prime 011 pl,https://citymall-para.ma/produit/curaprox-brosset-prime-011-pl/
CURAPROX Cps 06 Prime Plus Turquoise,https://citymall-para.ma/produit/curaprox-cps-06-prime-plus-turquoise/
CURASEPT Ads 212 Bain de Bouche à la Chlorhexidine 200ML,https://citymall-para.ma/produit/curasept-ads-212-bain-de-bouche-a-la-chlorhexidine-200ml/
CURASEPT ADS 220 Bain de Bouche à la Chlorhexidine 200ML,https://citymall-para.ma/produit/curasept-ads-220-bain-de-bouche-a-la-chlorhexidine-200ml/
CURASEPT Bain de Bouche Narurelle Ecobio 300ML,https://citymall-para.ma/produit/curasept-bain-de-bouche-narurelle-ecobio-300ml/
CURASEPT BIOSMALTO Caries Abrasion et Érosion Dentifrice 75ML,https://citymall-para.ma/produit/dentiif-curasept-biosmalto-dents-caries-bio-active-abrasion-erosion-75ml/
CURASEPT Biosmalto Dentifrice Dents Sensibles 75ML,https://citymall-para.ma/produit/dentiif-curasept-biosmalto-dents-sensibles-75ml/
Curasept Biosmalto dentifrice junior fruits 75ml,https://citymall-para.ma/produit/curasept-biosmalto-dentifrice-junior-fruits-75ml/
Curasept Dentifrice baby-kid 6 mois-6 ans- fraise 50 ml,https://citymall-para.ma/produit/curasept-dentifrice-baby-kid-6-mois-6-ans-fraise-50-ml/
CURASEPT Gel Gingival Ads 350 30ML,https://citymall-para.ma/produit/curasept-gel-gingival-ads-350-30ml/
Curasept Luxury whitening dentifrice gold 75 ml,https://citymall-para.ma/produit/curasept-luxury-whitening-dentifrice-gold-75-ml/
Curasept Proxi Angle bid T12,https://citymall-para.ma/produit/curasept-proxi-angle-bid-t12/
CURASEPT Proxi Brossette Interdentaire T14 Cone,https://citymall-para.ma/produit/curasept-proxi-brossette-interdentaire-t14-cone/
CURASEPT Proxi T12 1.2mm,https://citymall-para.ma/produit/curasept-proxi-t12-1-2mm/
Curasept Proxy Brossette T20 Soft,https://citymall-para.ma/produit/curasept-proxy-brossette-t20-soft/
Denti Smile Charbon Coco Smile Detox,https://citymall-para.ma/produit/denti-smile-charbon-coco-smile-detox/
Denti Smile Detox Dentifrice Poudre Charbon Coco Arome Menthe 15 g,https://citymall-para.ma/produit/denti-smile-detox-dentifrice-poudre-charbon-coco-arome-menthe-15-g/
Denti Smile Poudre Blancheur Au Charbon Coco Fruits Rouges 15g,https://citymall-para.ma/produit/denti-smile-poudre-blancheur-au-charbon-coco-fruits-rouges-15g/
Denti-Smile Poudre Blancheur Au Charbon Arome citron 15g,https://citymall-para.ma/produit/denti-smile-poudre-blancheur-au-charbon-arome-citron-15g/
DENTICARE Bain de Bouche Hygiene 200ML,https://citymall-para.ma/produit/denticare-bain-de-bouche-hygiene-200-ml/
DENTICARE Bain de Bouche Soin Intensif 200ML,https://citymall-para.ma/produit/denticare-bain-de-bouche-soin-intensif-200-ml/
Dentifrice Crest 3D white charcoal 75ml,https://citymall-para.ma/produit/dentifrice-crest-3d-white-charcoal-75ml/
Dentifrice Menthe douce 75ml aquafresh,https://citymall-para.ma/produit/dentifrice-menthe-douce-75ml-aquafresh/
Dentifrice Parogyl kids 2-8 ans fraise 50ml,https://citymall-para.ma/produit/dentifrice-parogyl-kids-2-8-ans-fraise-50ml/
GUM DENTIFRICE  BIO REPAIR PROTECTRICE 75 ML,https://citymall-para.ma/produit/dentifrice-repair-gum-and-enamel-original-75-ml/
Dermo Souakine dentifrice 50ml,https://citymall-para.ma/produit/dermo-souakine-dentifrice-50ml/
DIETAROMA derm’ideal plus collagene + coq10 acide hyaluronique b60 comp,https://citymall-para.ma/produit/dietaroma-dermideal-plus-collagene-coq10-acide-hyaluronique-b60-comp/
ELGY B/D 2/6 ANS KIDS FIRST,https://citymall-para.ma/produit/elgy-b-d-2-6-ans-kids-first/
ELGY B/D CLINIC 15/100,https://citymall-para.ma/produit/elgy-b-d-clinic-15-100/
ELGY B/D CLINIC 20/100,https://citymall-para.ma/produit/elgy-b-d-clinic-20-100/
ELGY B/D KIT INTER 3MM 1M+,https://citymall-para.ma/produit/elgy-b-d-kit-inter-3mm-1m/
ELGYDIUM Bad Blancheur Microbal Medium,https://citymall-para.ma/produit/elgy-b-d-microbal-souple-blancheur/
ELGYDIUM Bad Monster Souple 2-6 Ans,https://citymall-para.ma/produit/elgy-b-d-monster-2-6-ans-souple/
ELGYDIUM Bad Vital Soft,https://citymall-para.ma/produit/elgy-bad-vital-soft-2/
ELGYDIUM Blancheur Brosse à dents Medium,https://citymall-para.ma/produit/elgydium-blancheur-brosse-a-dents-medium/
ELGYDIUM Brosse à Dent Adultes Xtrem Souple,https://citymall-para.ma/produit/elgydium-brosse-a-dent-adultes-xtrem-souple/
ELGYDIUM Classic Brosse à Dents Souple,https://citymall-para.ma/produit/elgydium-classic-brosse-a-dents-souple/
ELGYDIUM Clinic Trio Compa E E H Bad Mic Cylin 1.9/02,https://citymall-para.ma/produit/elgy-clinic-trio-compa-e-e-h-bad-mic-cylin-1-9-02-3/
ELGYDIUM Dentifrice Junior Bubbule 7-12ans 50ML,https://citymall-para.ma/produit/elgydium-dentifrice-junior-bubbule-7-12ans-50ml/
Elgydium Dentifrice Kids Grenadine 3-6 Ans 50ml,https://citymall-para.ma/produit/elgydium-dentifrice-kids-grenadine-3-6-ans-50ml/
ELGYDIUM Dentifrice Plaque et Gencives 75ML,https://citymall-para.ma/produit/elgydium-dentifrice-plaque-et-gencives-75ml/
ELGYDIUM Dentifrice Protection Caries 75ML,https://citymall-para.ma/produit/elgydium-dentifrice-protection-caries-75-ml/
ELGYDIUM Gel Dentifrice Dents Sensibles 75ML,https://citymall-para.ma/produit/elgydium-gel-dentifrice-dents-sensibles-75-ml/
ELGYDIUM Junior Dentifrice Tutti Frutti Enfants 50ML,https://citymall-para.ma/produit/elgydium-junior-dentifrice-tutti-frutti-enfants-50ml/
ELGYDIUM Kids Dentifrice Banane 2-6 Ans 50ML,https://citymall-para.ma/produit/elgydium-kids-dentifrice-banane-2-6-ans-50-ml/
ELGYDIUM Kids Dentifrice Grenadine Enfants 3-6 ans Dents de Lait 50ML,https://citymall-para.ma/produit/elgydium-kids-dentifrice-grenadine-enfants-3-6-ans-dents-de-lait-50ml/
Elgydium Pocket – Brosse À Dents Medium,https://citymall-para.ma/produit/elgydium-pocket-brosse-a-dents-medium-2/
ELGYDIUM Pocket Brosse à Dents Medium,https://citymall-para.ma/produit/elgydium-pocket-brosse-a-dents-medium/
ELGYDIUM Vitale Brosse à Dents Medium,https://citymall-para.ma/produit/elgydium-vitale-brosse-a-dents-medium/
ELMEX BAIN DE BOUCHE SENSITIVE 100ML,https://citymall-para.ma/produit/elmex-bain-de-bouche-sensitive-100ml-elmex-bain-de-bouche-sensitive-100ml/
ELMEX DENTIFRICE ENFANT 3-6 ANS,https://citymall-para.ma/produit/elmex-dentifrice-enfant-3-6-ans/
Farlin Anneau dent pour bebe ref 142,https://citymall-para.ma/produit/farlin-anneau-dent-pour-bebe-ref-142/
Farlin Anneau Dent Pour Bebe Ref 144,https://citymall-para.ma/produit/farlin-anneau-dent-pour-bebe-ref-144/
Farlin Anneau Silicone Pomme 14103,https://citymall-para.ma/produit/farlin-anneau-silicone-pomme-14103-2/
Fixa Aphte Spray Buccal 30ML,https://citymall-para.ma/produit/fixa-aphte-spray-buccal-30ml/
GUM ACCESS FLOSS Fil Dentaire REF 3200,https://citymall-para.ma/produit/gum-access-floss-fil-dentaire-ref-3200/
Gum Activital Brosse à Dents Medium 583,https://citymall-para.ma/produit/gum-activital-brosse-a-dents-medium-583/
GUM Activital Brosse à Dents Souple 581,https://citymall-para.ma/produit/gum-activital-brosse-a-dents-souple-581/
GUM Aftaclear Bain de Bouche 120ML,https://citymall-para.ma/produit/gum-aftaclear-bain-de-bouche-120ml/
GUM Baby Brosse à Dents Bébé 0-2ans 213,https://citymall-para.ma/produit/gum-baby-brosse-a-dents-bebe-0-2ans-213/
GUM Bad Micro Tip R475,https://citymall-para.ma/produit/gum-bad-micro-tip-r475/
GUM BAD TECHNIQUE MEDUIM 493 M,https://citymall-para.ma/produit/gum-bad-technique-meduim-493/
Gum Bain De Bouche Activital 300ml 6061,https://citymall-para.ma/produit/gum-bain-de-bouche-activital-300ml-6061-2/
Gum Bain De Bouche Gingidex 300Ml 1704,https://citymall-para.ma/produit/gum-bain-de-bouche-gingidex-300ml-1704/
Gum Bain de Bouche Hydral 300ml 6030,https://citymall-para.ma/produit/gum-bain-de-bouche-hydral-300ml-6030/
Gum Bain De Bouche Junior 6+ 300ml 3022,https://citymall-para.ma/produit/gum-bain-de-bouche-junior-6-300ml-3022-2/
Gum Bi-Direction Brossette Interdentaire 1.2mm Fine 6 Pièces,https://citymall-para.ma/produit/gum-bi-direction-brossette-interdentaire-1-2mm-fine-6-pieces/
GUM Bi-Direction Brossettes 6×0.9 bleu 2314,https://citymall-para.ma/produit/gum-bi-direction-brossettes-6x0-9-bleu-2314/
"Gum Bi-Direction Interdental Brush 0,7 mm 6 pieces",https://citymall-para.ma/produit/gum-bi-direction-interdental-brush-07-mm-6-pieces/
Gum Bio fresh mint dentifrice 75ml 7020,https://citymall-para.ma/produit/gum-bio-fresh-mint-dentifrice-75ml-7020/
GUM BAD CLASSIC 411,https://citymall-para.ma/produit/gum-brosse-a-dent-classique-souple-411/
Gum Brosse A Dent Original White Souple ref561,https://citymall-para.ma/produit/gum-brosse-a-dent-original-white-souple-ref561/
Gum Brosse à Dent Orthodontie Simple 124M,https://citymall-para.ma/produit/gum-brosse-a-dent-orthodontie-simple-124m/
Gum Brosse à Dent Orthodotie Ambulatoire De Voyage 125Pq,https://citymall-para.ma/produit/gum-brosse-a-dent-orthodotie-ambulatoire-de-voyage-125pq/
Gum Brosse A Dent Technique Pro Medium 528,https://citymall-para.ma/produit/gum-brosse-a-dent-technique-pro-medium-528/
Gum Brosse A Dent Technique Pro Souple 525,https://citymall-para.ma/produit/gum-brosse-a-dent-technique-pro-souple-525/
Gum Brosse A Dent Teens +10 ans 904,https://citymall-para.ma/produit/gum-brosse-a-dent-yeens-10ans-904/
GUM Brosse à Dents Activital Ultra Compacte Souple 585,https://citymall-para.ma/produit/gum-brosse-a-dents-activital-ultra-compacte-souple-585/
GUM Brosse à Dents De Voyage Avec Poils antibactériens 158PQ,https://citymall-para.ma/produit/gum-brosse-a-dents-de-voyage-avec-poils-antibacteriens-158pq/
GUM Brosse à dents Kids 2-6 ans,https://citymall-para.ma/produit/gum-brosse-a-dents-kids-2-6-ans/
Gum Brosse à Dents Manuelle Bleue Enfant,https://citymall-para.ma/produit/gum-brosse-a-dents-manuelle-bleue-enfant/
Gum Brosse à Dents Super Tip Medium Compacte 463,https://citymall-para.ma/produit/gum-brosse-a-dents-super-tip-medium-compacte-463/
Gum Brosse à Dents Technic Médium 492,https://citymall-para.ma/produit/gum-brosse-a-dents-technic-medium-492/
Gum Brosse A Dents Technique Compact Souple 491,https://citymall-para.ma/produit/gum-brosse-a-dents-technique-compact-souple-491/
Gum Brosse À Dents Technique Plus Souple 490,https://citymall-para.ma/produit/gum-brosse-a-dents-technique-plus-souple-490/
GUM Brosse à Dents Timer Light Souple – 7/9 ans,https://citymall-para.ma/produit/gum-brosse-a-dents-timer-light-souple-7-9-ans/
Gum Brosse Activital Sonic 4100,https://citymall-para.ma/produit/gum-brosse-activital-sonic-4100/
"Gum Brossettes Fines Par 8 Unites (1,6 mm ) ref 614",https://citymall-para.ma/produit/gum-brossettes-fines-par-8-unites-16-mm-ref-614/
Gum Brossettes Interdentaire 4 unités 1.6mm 1614,https://citymall-para.ma/produit/gum-brossettes-interdentaire-4-unites-1-6mm-1614/
Gum Brossettes Interdentaires Bi-Direction 0.6 mm x6,https://citymall-para.ma/produit/gum-brossettes-interdentaires-bi-direction-0-6-mm-x6/
Gum Brossettes Interdentaires Bi-Direction 1.4 mm x6,https://citymall-para.ma/produit/gum-brossettes-interdentaires-bi-direction-1-4-mm-x6/
GUM Brossettes interdentaires Soft-Picks Advanced – 650,https://citymall-para.ma/produit/gum-brossettes-interdentaires-soft-picks-advanced-650/
Gum Dentifrice 6050 activital soin quotidien 75ml,https://citymall-para.ma/produit/gum-dentifrice-6050-activital-soin-quotidien-75ml/
Gum Dentifrice bio menthe fraiche aloe vera 2 x 75 ml,https://citymall-para.ma/produit/gum-dentifrice-bio-menthe-fraiche-aloe-vera-2-x-75-ml/
Gum Dentifrice hydral 75ml 6020,https://citymall-para.ma/produit/gum-dentifrice-hydral-75ml-6020/
GUM DENTIFRICE ORIGINAL WHITE LOT DE 2 REF1745/2,https://citymall-para.ma/produit/gum-dentifrice-original-white-lot-de-2-ref1745-2/
Gum Dentifrice paroex 1770,https://citymall-para.ma/produit/gum-dentifrice-paroex-1770-2/
Gum Dentifrice paroex promo 1770/2,https://citymall-para.ma/produit/gum-dentifrice-paroex-promo-1770-2/
Gum Dentifrice sensivital + brosse a dent 509 6070+,https://citymall-para.ma/produit/gum-dentifrice-sensivital-brosse-a-dent-509-6070/
GUM Easy Floss Fil Dentaire 30m  2000,https://citymall-para.ma/produit/gum-easy-floss-fil-dentaire-30m-2000/
Gum End-Tuft Brosse à Dents 308,https://citymall-para.ma/produit/gum-end-tuft-brosse-a-dents-308/
GUM Fil Dentaire ButlerWeave Ciré,https://citymall-para.ma/produit/gum-fil-dentaire-butlerweave-cire/
Gum HaliControl Bain De Bouche 300ml 3050,https://citymall-para.ma/produit/gum-halicontrol-bain-de-bouche-300ml-3050/
Gum Halicontrol gel dentifrice tube 75ml,https://citymall-para.ma/produit/gum-halicontrol-gel-dentifrice-tube-75ml/
GUM DENTIFRICE JUNIOR 6+ 3004,https://citymall-para.ma/produit/gum-junior-dentifrice-50ml-3004/
GUM DENT KIDS 2-6 3000,https://citymall-para.ma/produit/gum-kids-dentifrice-50ml-3000/
GUM Manche click kit porte brossettes R625,https://citymall-para.ma/produit/gum-manche-click-kit-porte-brossettes-r625/
Gum Original White Bain De Bouche 300ml 1747,https://citymall-para.ma/produit/gum-original-white-bain-de-bouche-300ml-1747/
GUM Original White Brosse à Dents Medium 563,https://citymall-para.ma/produit/gum-original-white-brosse-a-dents-medium-563/
Gum ORTHO Bain De Bouche 300ml 3090,https://citymall-para.ma/produit/gum-ortho-bain-de-bouche-300ml-3090/
Gum Ortho gel dentifrice 75ml 3080,https://citymall-para.ma/produit/gum-ortho-gel-dentifrice-75ml-3080/
GUM BAIN DE BOUCHE PAROEX 300ML,https://citymall-para.ma/produit/gum-paroex-bain-de-bouche-300ml-1784tg/
GUM Proxabrush 1.6 R624,https://citymall-para.ma/produit/gum-proxabrush-1-6-r624/
GUM Proxabrush classic 612 – 8 dental,https://citymall-para.ma/produit/gum-proxabrush-classic-612-8-dental/
GUM Proxabrush Classic R605,https://citymall-para.ma/produit/gum-proxabrush-classic-r605/
Gum Recharge Brosse A Dent Activital Sonic 4110,https://citymall-para.ma/produit/gum-activital-brush-head-sonic/
Gum Recharge Coniq Ultra-Fine 414M8,https://citymall-para.ma/produit/gum-recharge-coniq-ultra-fine-414m8-2/
Gum Recharge Cylindre Extra-Fine 512M8,https://citymall-para.ma/produit/gum-recharge-cylindre-extra-fine-512m8/
Gum Recharge Cylindre Ultra-Fine 412M8,https://citymall-para.ma/produit/gum-recharge-cylind-ultra-fine-412m8/
Gum Recharge Power Care 2 Tetes De Brosse 4210,https://citymall-para.ma/produit/gum-recharge-power-care-2-tetes-de-brosse-4210/
Gum Recharge Sunstar R/514,https://citymall-para.ma/produit/gum-recharge-sunstar-r-514/
Gum Sensivital Brosse a dents Ultra Souple 509,https://citymall-para.ma/produit/gum-sensivital-brosse-a-dents-ultra-souple-509/
Gum Sensivital+ Bain Bouche Fluore Flacon 300ml 6081,https://citymall-para.ma/produit/gum-sensivital-bain-bouche-fluore-flacon-300ml-6081/
Gum Sonic Sensitive Brosse à dents électrique 4101,https://citymall-para.ma/produit/gum-sonic-sensitive-brosse-a-dents-electrique-4101/
GUM Trav-Ler 10 Brossettes Interdentaires,https://citymall-para.ma/produit/gum-trav-ler-10-brossettes-interdentaires/
GUM Trav-Ler 4 Brossettes 0.6mm 1312,https://citymall-para.ma/produit/gum-trav-ler-4-brossettes-0-6mm-1312/
GUM Trav-Ler Brossettes Interdentaires 1314 x4,https://citymall-para.ma/produit/gum-trav-ler-brossettes-interdentaires-1314-x4/
"GUM Trav-Ler Brossettes Interdentaires 1412 0,9mm x4",https://citymall-para.ma/produit/gum-trav-ler-brossettes-interdentaires-1412-09mm-x4/
GUM Trav-Ler Brossettes Interdentaires 1414 1.1mm x4,https://citymall-para.ma/produit/gum-trav-ler-brossettes-interdentaires-1414-1-1mm-x4/
"GUM Trav-Ler Brossettes Interdentaires 1512 1,2mm x4",https://citymall-para.ma/produit/gum-trav-ler-brossettes-interdentaires-1512-12mm-x4/
GUM Trav-Ler Brossettes Interdentaires 1514 x4,https://citymall-para.ma/produit/gum-trav-ler-brossettes-interdentaires-1514-x4/
"GUM Trav-Ler Brossettes Interdentaires 1612 1,4mm x4",https://citymall-para.ma/produit/gum-trav-ler-brossettes-interdentaires-1612-14mm-x4/
GUM Trav-Ler Brossettes Interdentaires 1618 2mm x4,https://citymall-para.ma/produit/gum-trav-ler-brossettes-interdentaires-1618-2mm-x4/
Gym Denture Brush Ref 201,https://citymall-para.ma/produit/gym-denture-brush-ref-201/
HALITA Mouthwash Bain De Bouche 500 Ml,https://citymall-para.ma/produit/halita-mouthwash-bain-de-bouche-500-ml/
INNOVATOUCH Dentifrice Au Charbon 75ML,https://citymall-para.ma/produit/dentifrice-au-charbon-blancheur-active-75ml/
INNOVATOUCH Poudre De Blanchiment Dentaire 50 Gr,https://citymall-para.ma/produit/innovatouch-poudre-de-blanchiment-dentaire-50-gr/
Interprox Plus Conical Bleue Brosse Interdentaire 1.3 Bleue 6 Pièces,https://citymall-para.ma/produit/interprox-plus-conical-bleue-brosse-interdentaire-1-3-bleue-6-pieces-2/
Interprox Plus Mini Conical Brosse Interdentaire 1.0 Rouge 6 Pièces,https://citymall-para.ma/produit/interprox-plus-mini-conical-brosse-interdentaire-1-0-rouge-6-pieces/
KIN B5 BAIN DE BOUCHE 500ML,https://citymall-para.ma/produit/kin-b5-bain-de-bouche-500ml-2/
KIN Bain De Bouche Gingival 250 Ml,https://citymall-para.ma/produit/kin-bain-de-bouche-gingival-250-ml-2/
KIN DENTIFRICE ALOE VERA PATE 125 ML,https://citymall-para.ma/produit/kin-dentifrice-aloe-vera-pate-125-ml-2/
KIN DENTIFRICE BLANCHEUR 75ML,https://citymall-para.ma/produit/kin-dentifrice-blancheur-75ml/
KIN Dentifrice Pate Gingival 75ML,https://citymall-para.ma/produit/kin-dentifrice-pate-gingival-75ml/
KIN FLUOR DENTIFRICE PATES ENFANT FRAISE 75ML+ 25ML GR,https://citymall-para.ma/produit/kin-fluor-dentifrice-pates-enfant-fraise-75ml-25ml-gr/
KIN PATE DENTIFRICE GINGIVAL 75 ML,https://citymall-para.ma/produit/kin-pate-dentifrice-gingival-75-ml/
KIN SENSIKIN BAIN DE BOUCHE 250ML,https://citymall-para.ma/produit/kin-sensikin-bain-de-bouche-250ml/
Listerine soin blancheur bain de bouche  500ml,https://citymall-para.ma/produit/listerine-advanced-white-250ml/
Listerine Bain de bouche fraicheur intense 250ml,https://citymall-para.ma/produit/listerine-bain-de-bouche-fraicheur-intense-250ml/
Listerine Bain de bouche protection dents et gencives 250ml,https://citymall-para.ma/produit/listerine-bain-de-bouche-protection-dents-et-gencives-250ml/
Listerine Bain de bouche protection dents et gencives 500ml,https://citymall-para.ma/produit/listerine-bain-de-bouche-protection-dents-et-gencives-500ml/
Listerine Bain de bouche total care 250 ml,https://citymall-para.ma/produit/listerine-bain-de-bouche-total-care-250-ml/
Listerine Fraîcheur Goût Plus Léger 500ml,https://citymall-para.ma/produit/listerine-fraicheur-gout-plus-leger-250ml/
listerine fraicheur sans alcool 500ml,https://citymall-para.ma/produit/listerine-fraicheur-sans-alcool-500ml/
Meridol Bain de bouche protection gencive 400ml,https://citymall-para.ma/produit/meridol-bain-de-bouche-protection-gencive-400ml/
MERIDOL Dentifrice Protection Gencives 75ML,https://citymall-para.ma/produit/meridol-dentifrice-gencives-irritees-75ml/
Meridol Dentifrice PROTECTION GENCIVES Blancheur,https://citymall-para.ma/produit/meridol-dentifrice-protection-gencives-blancheur/
Miradent Dento Box bleu 2751,https://citymall-para.ma/produit/miradent-dento-box-bleu-2751/
MIRADENT I-Prox Chx Brossettes Interdentaires Vert 6 Pieces,https://citymall-para.ma/produit/miradent-i-prox-chx-brossettes-inter-dentaires-vert-6-pieces/
MIRADENT I-Prox L Brossette Interdentaire Assortiment,https://citymall-para.ma/produit/miradent-i-prox-l-brossette-interdentaire/
MIRADENT I-Prox L Brossette Interdentaire Bordeau XL,https://citymall-para.ma/produit/miradent-i-prox-l-brossette-interdentaire-bordeau-xl/
MIRADENT I-Prox L Brossette Interdentaire Jaune XF,https://citymall-para.ma/produit/miradent-i-prox-l-brossette-interdentaire-jaune-xf/
MIRADENT I-Prox L Brossette Interdentaire Vert,https://citymall-para.ma/produit/miradent-i-prox-l-brossette-interdentaire-vert/
MIRADENT I-Prox/6 Brossette Interdentaire Orange Conique,https://citymall-para.ma/produit/miradent-i-prox-6-brossette-interdentaire-orange-conique/
Miradent Infant O Brush Brosse à Dents Jaune,https://citymall-para.ma/produit/miradent-infant-o-brush-brosse-a-dents-jaune/
MIRADENT Infant O Brush Brosse à Dents Rouge,https://citymall-para.ma/produit/miradent-infant-o-brush-brosse-a-dents-rouge/
Miradent Mirafloss Ichx Tape 630078,https://citymall-para.ma/produit/miradent-mirafloss-ichx-tape-630078-2/
Miradent Mirafluor Chx Liquid 500ml,https://citymall-para.ma/produit/miradent-mirafluor-chx-liquid-500ml/
MIRADENT Sanduhr 2min,https://citymall-para.ma/produit/miradent-sanduhr-2min/
MIRADENT Support Brosse à Dents Elephant,https://citymall-para.ma/produit/miradent-support-bd-elephant/
MIRADENT Support Brosse à Dents Lion,https://citymall-para.ma/produit/miradent-support-bd-lion/
Miradent Support Brosse à Dents Zebra,https://citymall-para.ma/produit/miradent-support-bd-zebra/
MIRADENT Zahnpick Cure Dent+Fil Dentaire 30,https://citymall-para.ma/produit/miradent-zahnpick-cure-dentfil-dent-30/
Mirafluor C dentifrice anti-caries 100ml,https://citymall-para.ma/produit/mirafluor-c-dentifrice-anti-caries-100ml/
Novafix extra crème adhésive longue durée 20g,https://citymall-para.ma/produit/novafix-extra-creme-adhesive-longue-duree-20g/
Novafix Extra Crème Adhésive Longue Durée 40g,https://citymall-para.ma/produit/novafix-extra-creme-adhesive-longue-duree-40g/
Oral-B Bain De Bouche Pro-Expert 500ml,https://citymall-para.ma/produit/oral-b-bain-de-bouche-pro-expert-500ml-2/
Oral-B Brosse A dents Hydra Pro Medium,https://citymall-para.ma/produit/brosse-a-dents-hydra-pro-medium/
Pansoral Premières Dents – 15 Ml,https://citymall-para.ma/produit/pansoral-premieres-dents-15-ml/
Parodium Gel Gingival 50ml,https://citymall-para.ma/produit/parodium-gel-gingival-50ml/
Parodontax Bain de bouche 500ml,https://citymall-para.ma/produit/parodontax-bain-de-bouche-500ml/
Parogyl Dentifrice blancheur gout menthe 75ml,https://citymall-para.ma/produit/parogyl-dentifrice-blancheur-gout-menthe-75ml/
Parogyl Dentifrice gingival 75ml,https://citymall-para.ma/produit/parogyl-dentifrice-gingival-75ml/
Parogyl Dentifrice gingival pate 75ml,https://citymall-para.ma/produit/parogyl-dentifrice-gingival-pate-75ml/
Parogyl gingival bain de bouche rouge 300ml,https://citymall-para.ma/produit/parogyl-gingival-bain-de-bouche-rouge-300ml/
Pearl Drops Daily Whitening Coffee&tea 50ml,https://citymall-para.ma/produit/pearl-drops-daily-whitening-coffeetea-50ml/
Perio-aid Bain De Bouche Active Control 0.05% 150ml,https://citymall-para.ma/produit/perio-aid-bain-de-bouche-active-control-0-05-150ml/
Perio-Aid Bain De Bouche Intensive Care 0.12% 150ml,https://citymall-para.ma/produit/perio-aid-bain-de-bouche-intensive-care-0-12-150ml-2/
Perio-aid Gel dentifrice intensive care 0.12% 75ml,https://citymall-para.ma/produit/perio-aid-gel-dentifrice-intensive-care-0-12-75ml-2/
PREMIER Clinical Asept Baine De Bouche 125,https://citymall-para.ma/produit/premier-clinical-asept-baine-de-bouche-125/
PREMIER Clinical Gencicare Baine De Bouche 125 ml,https://citymall-para.ma/produit/premier-clinical-gencicare-baine-de-bouche-125-ml/
PRESIDENT Active Bain De Bouche 200 ml,https://citymall-para.ma/produit/president-active-bain-de-bouche-200-ml/
President Anti bacterial gel dentifrice profi 50 ml,https://citymall-para.ma/produit/president-anti-bacterial-gel-dentifrice-profi-50-ml/
PRESIDENT Bain De Bouche Classic 200ml,https://citymall-para.ma/produit/president-bain-de-bouche-classic-200ml/
PRESIDENT Bain De Bouche Enfant 6-12 Ans 200ml,https://citymall-para.ma/produit/president-bain-de-bouche-enfant-6-12-ans-200ml/
PRESIDENT Bain De Bouche Sensitive 200 ml,https://citymall-para.ma/produit/president-bain-de-bouche-sensitive-200-ml/
PRESIDENT Défense Bain De Bouche 200 ml,https://citymall-para.ma/produit/president-defense-bain-de-bouche-200-ml/
President Dentifrice active 75ml,https://citymall-para.ma/produit/president-dentifrice-active-75ml-2/
President Dentifrice baby 0-3 30ml,https://citymall-para.ma/produit/president-dentifrice-baby-0-3-30ml/
President Dentifrice defense 50ml,https://citymall-para.ma/produit/president-dentifrice-defense-50ml/
President Dentifrice defense 75 ml,https://citymall-para.ma/produit/president-dentifrice-defense-75-ml/
President Dentifrice eco bio sans fluor 50ml,https://citymall-para.ma/produit/president-dentifrice-eco-bio-sans-fluor-50ml/
President Dentifrice enfant teens 12+ menthe fresh 50ml,https://citymall-para.ma/produit/president-dentifrice-enfant-teens-12-menthe-fresh-50ml/
President Dentifrice gel sensitive plus 30ml,https://citymall-para.ma/produit/president-dentifrice-gel-sensitive-plus-30ml/
President Dentifrice junior 6+ citron 50ml,https://citymall-para.ma/produit/president-dentifrice-junior-6-citron-50ml/
President Dentifrice junior 6ans+ chocolat – 50ml,https://citymall-para.ma/produit/president-dentifrice-junior-6ans-chocolat-50ml/
President Dentifrice kids 3-6 cola 50ml,https://citymall-para.ma/produit/president-dentifrice-kids-3-6-cola-50ml/
President Dentifrice ortho implant 75ml,https://citymall-para.ma/produit/president-dentifrice-ortho-implant-75ml/
President Dentifrice Sensitive 75 Ml,https://citymall-para.ma/produit/president-dentifrice-sensitive-75-ml/
President Dentifrice white 50ml,https://citymall-para.ma/produit/president-dentifrice-white-50ml-2/
President Dentifrice white 75ml,https://citymall-para.ma/produit/president-dentifrice-white-75ml-2/
President Dentifrice white plus 30ml,https://citymall-para.ma/produit/president-dentifrice-white-plus-30ml-3/
President Denture Creme Adhesive 40g,https://citymall-para.ma/produit/president-denture-creme-adhesive-40g/
PRESIDENT Fil Dentaire Classic 100m,https://citymall-para.ma/produit/president-fil-dentaire-classic-100m/
PRÉSIDENT Gel Antibactérial Profi Plus 0.5% 30ml,https://citymall-para.ma/produit/president-gel-antibacterial-profi-plus-0-5-30ml/
PRESIDENT Ortho-Implant Bain De Bouche 200ml,https://citymall-para.ma/produit/president-ortho-implant-bain-de-bouche-200ml/
PRESIDENT Sain Bain De Bouche Antibactérien Sans Alcool 200 ml,https://citymall-para.ma/produit/president-sain-bain-de-bouche-antibacterien-sans-alcool-200-ml/
PRESIDENT White Bain De Bouche 200 ml,https://citymall-para.ma/produit/president-white-bain-de-bouche-200-ml/
Sanogyl Bain De Bouche Antibacterien 500ml,https://citymall-para.ma/produit/sanogyl-bain-de-bouche-antibacterien-500ml-2/
SANOGYL Bain De Bouche Multi Protection A L’acide Hyaluronique 500ml,https://citymall-para.ma/produit/sanogyl-bain-de-bouche-multi-protection-a-lacide-hyaluronique-500ml/
SANOGYL Bain De Bouche Soin Complet + Blancheur 500 ml,https://citymall-para.ma/produit/sanogyl-bain-de-bouche-soin-complet-blancheur-500-ml/
Sanogyl Dentifrice blancheur 75ml,https://citymall-para.ma/produit/sanogyl-dentifrice-blancheur-75ml/
Sanogyl Dentifrice Soin Bi-Protect Dents Et Gencives 75ml,https://citymall-para.ma/produit/sanogyl-dentifrice-soin-bi-protect-dents-et-gencives-75ml/
Sanogyl Dentifrice soin gencives 75ml,https://citymall-para.ma/produit/sanogyl-dentifrice-soin-gencives-75ml/
Sanogyl Dentifrice soin global+ blancheur 75 ml,https://citymall-para.ma/produit/sanogyl-dentifrice-soin-global-blancheur-75-ml/
Sanogyl Dentifrice soin rose gencives sensibles 75 ml,https://citymall-para.ma/produit/sanogyl-dentifrice-soin-rose-gencives-sensibles-75-ml/
Sanogyl Dentifrice soin sensibilité 75 ml,https://citymall-para.ma/produit/sanogyl-dentifrice-soin-sensibilite-75-ml/
SANOGYL Dentifrice Soin Thermal Complet 75ML,https://citymall-para.ma/produit/sanogyl-s-thermal-complet-75ml/
Sanogyl Soin Essentiel Dentifrice Gencives 75ml,https://citymall-para.ma/produit/sanogyl-soin-essentiel-dentifrice-gencives-75ml/
Selmarin Dentifrice 80g,https://citymall-para.ma/produit/selmarin-dentifrice-80g/
KIN SENSIKIN Gel Dentaire 15ml,https://citymall-para.ma/produit/sensikin-gel-dentaire-15ml/
KIN Sensikin Pate dentifrice 75ml,https://citymall-para.ma/produit/sensikin-pate-dentifrice-75ml/
Sensodyne Bain De Bouche Menthe Fraiche 500ml,https://citymall-para.ma/produit/sensodyne-bain-de-bouche-menthe-fraiche-500ml-2/
Sensodyne Soin Blancheur 24h,https://citymall-para.ma/produit/sensodyne-protection-sensibilite-24h-soin-complet/
Souakine Bain De Bouche 90ml,https://citymall-para.ma/produit/souakine-bain-de-bouche-90ml/
Souakine Bain de Bouche Aux Huiles Essentiels 500ml,https://citymall-para.ma/produit/souakine-bain-de-bouche-aux-huiles-essentiels-500ml/
Souakine Bain de Bouche Fluorée 500ml,https://citymall-para.ma/produit/souakine-bain-de-bouche-fluoree-500ml/
Souakine Bain De Bouche Plus 500ml,https://citymall-para.ma/produit/souakine-bain-de-bouche-plus-500ml/
Tymodril Bain de Bouche 125ml,https://citymall-para.ma/produit/tymodril-bain-de-bouche-125ml/
Tymodril Bain de Bouche 250ml,https://citymall-para.ma/produit/tymodril-bain-de-bouche-250ml/
Tymodril Bain de Bouche Sensitive Antiseptique 125ml,https://citymall-para.ma/produit/tymodril-bain-de-bouche-sensitive-antiseptique-125ml/
Vitabiotics Neurozan Original Mémoire Fonctions Cognitives – 30 comprimés,https://citymall-para.ma/produit/vitabiotics-neurozan-original-memoire-fonctions-cognitives-30-comprimes/
Vitis Bain de Bouche Anticaries 500ml,https://citymall-para.ma/produit/vitis-bain-de-bouche-anticaries-500ml/
Vitis Bain de Bouche Gingival 150ml,https://citymall-para.ma/produit/vitis-bain-de-bouche-gingival-150ml/
Vitis Blanchiment Bain de Bouche 500 ml,https://citymall-para.ma/produit/vitis-blanchiment-500-ml-bain-de-bouche/
VITIS BROSSE A DENT MEDIUM,https://citymall-para.ma/produit/vitis-brosse-a-dent-medium/
VITIS Dentifrice Anti Caries 100ML,https://citymall-para.ma/produit/dentif-vitis-anticaries-toothpaste-100ml/
Vitis Dentifrice Blanchissant 100ML,https://citymall-para.ma/produit/vitis-dentifrice-blanchissant/
VITIS Dentifrice Sensitive Tootphaste 100ML,https://citymall-para.ma/produit/dentif-vitis-sensitive-tootphaste-100ml/
Vitis Gencives Saines Dentifrice 100ML,https://citymall-para.ma/produit/vitis-gencives-saines-dentifrice-100-ml/
VITIS Gingival Pate Dentifrice pour Gencive 100ML,https://citymall-para.ma/produit/vitis-gingival-pate-dentifrice-pour-gencive-100ml/
VITIS Orthodontic Toothpaste 100ML,https://citymall-para.ma/produit/dentif-vitis-ortho-toothpaste-100ml/
Vitis Sensitive Bain de Bouche 500ml,https://citymall-para.ma/produit/vitis-sensitive-bain-de-bouche-500ml/
ADRAGA POUDRE ADHESIVE 10G,https://citymall-para.ma/produit/adraga-poudre-adhesive-10g/
Aloe Fresh Dent Gel Whitening 100Ml,https://citymall-para.ma/produit/aloe-fresh-dent-gel-whitening-100ml/
Aloe Fresh Dentifrice Sensitive 100Ml,https://citymall-para.ma/produit/aloe-fresh-dentifrice-sensitive-100ml/
Bain de Bouche Quotidien Parodontax,https://citymall-para.ma/produit/bain-de-bouche-quotidien-parodontax/
Bamboo Bad souple Green 724,https://citymall-para.ma/produit/bamboo-bad-souple-green-724/
Bébé Confort Set De dentition Complet  » Advanced Concept » (3-36 mois),https://citymall-para.ma/produit/bb-conf-set-de-dentition-advanced-concept-3-36-m/
Bébé Confort Set Dentition Advanced Concept 3-36 m,https://citymall-para.ma/produit/bb-conf-set-de-3-brosse-a-dents-3-36m/
Botot Bain De bouche Cannelle Clou De girofle Menthe 250ml,https://citymall-para.ma/produit/botot-bain-de-bouche-cannelle-clou-de-girofle-menthe/
Botot Bain De Bouche Menthe Pin Eucalyptus 250ml,https://citymall-para.ma/produit/botot-bain-de-bouche-menthe-pin-eucalyptus-250ml/
Botot Dent Jaune Anis Citrus Reglisse 75ml,https://citymall-para.ma/produit/botot-dent-jaune-anis-citrus-reglisse-75ml/
Botot Dentifrice Cannelle Clou De Girofle Menthe 75ml,https://citymall-para.ma/produit/botot-dentifrice-cannelle-clou-de-girofle-menthe-75ml/
Botot Eau De Bouche Concentre Fumeur 150ml,https://citymall-para.ma/produit/botot-eau-de-bouche-concentre-fumeur-150ml/
CARILESS BAIN DE BOUCHE 125ML,https://citymall-para.ma/produit/buccogel-bain-de-bouche-125ml/
BUCCOTHERM BAIN DE BOUCHE 300 ml,https://citymall-para.ma/produit/buccotherm-bain-de-bouche-gout-menthe-fraiche-300ml/
BUCCOTHERM DENTIFRICE BLANCHEUR & SOIN CERTIFIÉ BIO 75ML,https://citymall-para.ma/produit/buccotherm-dentifrice-clancheur-soin-75ml/
BUCCOTHERM DENTIFRICE JUNIOR 7-12 ANS MENTHE DOUCE 50ML,https://citymall-para.ma/produit/buccotherm-dentifrice-junior-7-12-ans-menthe-douce-50ml/
BUCCOTHERM GEL DENTIFRICE GENCIVES SENSIBLES AVEC FLUOR 75ML,https://citymall-para.ma/produit/buccotherm-gel-dentifrice-gencives-sensibles-avec-fluor-75ml/
BUCCOTHERM GEL DENTIFRICE GENCIVES SENSIBLES SANS FLUOR 75ML,https://citymall-para.ma/produit/buccotherm-gel-dentifrice-gencives-sensibles-sans-fluor-75ml/
BUCCOTHERM KIT FRAISE,https://citymall-para.ma/produit/buccotherm-kit-enfant-2-6-ans-50ml-bio-gout-fraise/
BUCCOTHERM KIT-ENFANT 7-12 ANS BIO GOÛT PÈCHE 50ML,https://citymall-para.ma/produit/buccotherm-kit-enfant-7-12-ans-50-ml-bio-gout-peche/
BUCCOTHERM SPRAY BUCCAL LEAU THERMALE 15 ML,https://citymall-para.ma/produit/buccotherm-spray-buccal-a-leau-thermale-bio-15ml/
BUCCOTHERM SPRAY DENTAIRE 100% NATUREL 200ML,https://citymall-para.ma/produit/buccotherm-spray-dentaire-200ml/
BUCCOTHERM DENTIFRICE JUNIOR 7-12 ANS ICE TEA PÊCHE BIO 50ML,https://citymall-para.ma/produit/buccotherme-dentifrice-junior-7-12-ans-ice-tea-peche-bio-50ml/
Capitano Bad Complete Hard,https://citymall-para.ma/produit/capitano-bad-complete-hard/
Capitano Bad Family medium,https://citymall-para.ma/produit/capitano-bad-family-medium/
Capitano Bain de bouche Blancheur 400ml,https://citymall-para.ma/produit/capitano-bain-de-bouche-blancheur-400ml/
Capitano Bain de bouche Protection 400ml,https://citymall-para.ma/produit/capitano-bain-de-bouche-protection-400ml/
Capitano Dentifrice Anti Tartre 75ml,https://citymall-para.ma/produit/capitano-dentifrice-anti-tartre-75ml/
Capitano dentifrice baby +3 years frais 75ml,https://citymall-para.ma/produit/capitano-dentifrice-baby-3years-frais-75ml/
Capitano Dentifrice Dents sensibles 75ml,https://citymall-para.ma/produit/capitano-dentifrice-dents-sensibles-75ml/
Capitano Dentifrice Haleine Fraiche 75ml,https://citymall-para.ma/produit/capitano-dentifrice-haleine-fraiche-75ml/
Capitano dentifrice Juniors +6years Menthe 75ml,https://citymall-para.ma/produit/capitano-dentifrice-juniors-6years-menthe-75ml/
Capitano Dentifrice Ox Active sbiancante 75ml,https://citymall-para.ma/produit/capitano-dentifrice-ox-active-sbiancante-75ml/
Capitano Dentifrice Protection Gencives 75ml,https://citymall-para.ma/produit/capitano-dentifrice-protection-gencives-75ml/
Capitano dentifrice protection totale 75ml,https://citymall-para.ma/produit/capitano-dentifrice-protection-totale-75ml/
Cariless Bain De Bouche 125ml,https://citymall-para.ma/produit/cariless-bain-de-bouche-125ml/
Cariless Pate Gingivale 50ml,https://citymall-para.ma/produit/cariless-pate-gingivale-50ml/
Cariless Pate Gingivale 75ml,https://citymall-para.ma/produit/cariless-pate-gingivale-75ml/
Cattier Dent 7ans+ Gout Menthe Douce 50ml,https://citymall-para.ma/produit/cattier-dent-7ans-gout-menthe-douce-50ml/
Cattier Dentargile Dent Citron 75ml,https://citymall-para.ma/produit/cattier-dentargile-dent-citron-75ml/
Cattier Eridene dent Blanchissant Sans sulfate 75ml,https://citymall-para.ma/produit/cattier-eridene-dent-blanchissant-sans-sulfate-75ml/
Cattier Eridene dent Gencives Fragiles 75ml,https://citymall-para.ma/produit/cattier-eridene-dent-gencives-fragiles-75ml/
Cattier Eridene dent Haleine Fraiche 75ml,https://citymall-para.ma/produit/cattier-eridene-dent-haleine-fraiche-75ml/
Centifolia Dentifrice Kids Gouts Menthe 50ml,https://citymall-para.ma/produit/centifolia-dentifrice-kids-gouts-menthe-50ml/
Centifolia Dentifrices Soin Fraicheur 75ml,https://citymall-para.ma/produit/centifolia-dentifrices-soin-fraicheur-75ml/
Centifolia dentifrice protection gencives 75ml,https://citymall-para.ma/produit/centifolia-dentifrice-protection-gencives-75ml/
CHARCOAL Poudre blanchissant 30g,https://citymall-para.ma/produit/charcoal-poudre-blanchissant-30-g/
Curaprox cps perio 408,https://citymall-para.ma/produit/curaprox-cps-perio-408/
Curaprox Cps Prime Plus 150 Mixte,https://citymall-para.ma/produit/curaprox-cps-prime-plus-150-mixte/
Curasept Bad Biosmalto Baby 0-3years,https://citymall-para.ma/produit/curasept-bad-biosmalto-baby-0-3years/
Curasept Bad Biosmalto Kids 3-6years,https://citymall-para.ma/produit/curasept-bad-biosmalto-kids-3-6years/
Curasept Bad Extra Soft 012 pack,https://citymall-para.ma/produit/curasept-bad-extra-soft-012-pack/
Curasept Bad Maxi soft 010,https://citymall-para.ma/produit/curasept-bad-maxi-soft-010/
Curasept Bad Maxi soft 010 pack,https://citymall-para.ma/produit/curasept-bad-maxi-soft-010-pack/
Curasept Bad Medium 017,https://citymall-para.ma/produit/curasept-bad-medium-017/
Curasept Bad Medium 017 pack,https://citymall-para.ma/produit/curasept-bad-medium-017-pack/
Curasept Bad Specialist Mono Tuft,https://citymall-para.ma/produit/curasept-bad-specialist-mono-tuft/
Curasept Bad Specialist Ortho,https://citymall-para.ma/produit/curasept-bad-specialist-ortho/
Curasept Bad Specialist Surgical,https://citymall-para.ma/produit/curasept-bad-specialist-surgical/
Curasept Bdb Ads 205 200Ml,https://citymall-para.ma/produit/curasept-bdb-ads-205-200ml/
Curasept Bdb Ads 212 200Ml,https://citymall-para.ma/produit/curasept-bdb-ads-212-200ml/
Curasept Bdb Ads 220 200Ml,https://citymall-para.ma/produit/curasept-bdb-ads-220-200ml/
Curasept Dent Ads 705 75ml,https://citymall-para.ma/produit/curasept-dent-ads-705-75ml/
Curasept Dent Ads 712 75ml,https://citymall-para.ma/produit/curasept-dent-ads-712-75ml/
Curasept Dent Ads 720 75ml,https://citymall-para.ma/produit/curasept-dent-ads-720-75ml/
Curasept Luxury whitening dentifrice Black  75ml,https://citymall-para.ma/produit/curasept-dent-black-luxury-75ml/
Curasept Dent Eco bio 75ml,https://citymall-para.ma/produit/curasept-dent-eco-bio-75ml/
Curasept Dent Gold Luxury 75ml,https://citymall-para.ma/produit/curasept-dent-gold-luxury-75ml/
Curasept Dent White Luxury 75ml,https://citymall-para.ma/produit/curasept-dent-white-luxury-75ml/
Curasept Fil Dentaire cire Menthole,https://citymall-para.ma/produit/curasept-fil-dentaire-cire-menthole/
Curasept Fil Dentaire Professionnel,https://citymall-para.ma/produit/curasept-fil-dentaire-professionnel/
Curasept ads 350 gel gengival 30ml,https://citymall-para.ma/produit/curasept-gel-ads-350-30ml/
Curasept Proxi Angle bid P011,https://citymall-para.ma/produit/curasept-proxi-angle-bid-p011/
Curasept Proxi Angle bid P06,https://citymall-para.ma/produit/curasept-proxi-angle-bid-p06/
Curasept Proxi Angle bid P07,https://citymall-para.ma/produit/curasept-proxi-angle-bid-p07/
Curasept Proxi Angle bid P08,https://citymall-para.ma/produit/curasept-proxi-angle-bid-p08/
Curasept Proxi Angle bid P09,https://citymall-para.ma/produit/curasept-proxi-angle-bid-p09/
Curasept Proxi Angle bid T14 Cone,https://citymall-para.ma/produit/curasept-proxi-angle-bid-t14-cone/
Curasept Proxi bid MIX,https://citymall-para.ma/produit/curasept-proxi-bid-mix/
Curasept Proxi bid P06,https://citymall-para.ma/produit/curasept-proxi-bid-p06/
Curasept Proxi bid P07,https://citymall-para.ma/produit/curasept-proxi-bid-p07/
Curasept Proxi bid P08,https://citymall-para.ma/produit/curasept-proxi-bid-p08/
Curasept Proxi bid P09,https://citymall-para.ma/produit/curasept-proxi-bid-p09/
Curasept Proxi bid P11,https://citymall-para.ma/produit/curasept-proxi-bid-p11/
Curasept Proxi bid T17 Cone,https://citymall-para.ma/produit/curasept-proxi-bid-t17-cone/
Daily White Fusion Mousse,https://citymall-para.ma/produit/daily-white-fusion-mousse/
Deluxe kit de blanchiment smart,https://citymall-para.ma/produit/deluxe-kit-de-blanchiment-smart/
Denti-Smile Bad Bambou Medium Bleu,https://citymall-para.ma/produit/denti-smile-bad-bambou-medium-bleu/
Denti-Smile Bad Bambou Medium Rose,https://citymall-para.ma/produit/denti-smile-bad-bambou-medium-rose/
Denti-Smile Bad Bambou Medium vert,https://citymall-para.ma/produit/denti-smile-bad-bambou-medium-vert/
Denti-Smile Bain De Bouche Au Charbon Actif 300ml,https://citymall-para.ma/produit/denti-smile-bain-de-bouche-au-charbon-actif-300ml/
Denti-Smile Bain de bouche CPC-Actif 300ml,https://citymall-para.ma/produit/denti-smile-bain-de-bouche-cpc-actif-300ml/
Denti-Smile Dent Charbon-Coco Blancheur 100 G,https://citymall-para.ma/produit/denti-smile-dent-charbon-coco-blancheur-100g/
Denti-Smile Dent Verveine-Aloe Vera 100 G,https://citymall-para.ma/produit/denti-smile-dent-verveine-aloe-vera-100g/
Denti-Smile Dentifrice CPC-Actif 100g,https://citymall-para.ma/produit/denti-smile-dentifrice-cpc-actif-100g/
Denti-Smile Detox Bio Gel Dentifrice Au Charbon Actif Menthe Poivrée 75 Ml,https://citymall-para.ma/produit/denti-smile-detox-bio-gel-dentifrice-au-charbon-actif-menthe-poivree-75-ml/
Denti-Smile Poudre Blancheur Charbon Coco 15 G,https://citymall-para.ma/produit/denti-smile-poudre-blancheur-charbon-coco-15-g/
Denti-Smile Spray Buccal CPC-Actif 30ml,https://citymall-para.ma/produit/denti-smile-spray-buccal-cpc-actif-30ml/
Dentika Bad pioneer-st medium,https://citymall-para.ma/produit/dentika-bad-pioneer-st-medium/
Dentika Bad pioneer-st souple,https://citymall-para.ma/produit/dentika-bad-pioneer-st-souple/
Dentika Bad x-clean flex medium,https://citymall-para.ma/produit/dentika-bad-x-clean-flex-medium/
Dentika Bad x-clean flex souple,https://citymall-para.ma/produit/dentika-bad-x-clean-flex-souple/
Elgydium Bad Anti-Plaque Medium,https://citymall-para.ma/produit/elgydium-bad-anti-plaque-medium/
Elgydium Bad Anti-Plaque Souple,https://citymall-para.ma/produit/elgydium-bad-anti-plaque-souple/
Elgy bad baby,https://citymall-para.ma/produit/elgy-bad-baby/
Elgy bad Basic Medium,https://citymall-para.ma/produit/elgy-bad-basic-medium/
Elgy bad Basic Souple,https://citymall-para.ma/produit/elgy-bad-basic-souple/
Elgy Bad Classic Dure,https://citymall-para.ma/produit/elgy-bad-classic-dure/
Elgy Bad Classic Medium Transp/Cip,https://citymall-para.ma/produit/elgy-bad-classic-medium-transp-cip/
Elgy Bad Classic Soft,https://citymall-para.ma/produit/elgy-bad-classic-soft/
Elgy Bad Clinic 25/100,https://citymall-para.ma/produit/elgy-bad-clinic-25-100/
Elgy Bad Clinic 7/100,https://citymall-para.ma/produit/elgy-bad-clinic-7-100/
Elgy Bad Clinic X Ortho Adult Medium,https://citymall-para.ma/produit/elgy-bad-clinic-x-ortho-adult-medium/
Elgy Bad Clinic X Orthocket,https://citymall-para.ma/produit/elgy-bad-clinic-x-orthocket/
Elgy Bad Creation Souple,https://citymall-para.ma/produit/elgy-bad-creation-souple/
Elgy Bad Diffusion Med,https://citymall-para.ma/produit/elgy-bad-diffusion-med/
Elgy Bad Diffusion Souple,https://citymall-para.ma/produit/elgy-bad-diffusion-souple/
Elgy Bad Inspiration Medium,https://citymall-para.ma/produit/elgy-bad-inspiration-medium/
Elgy Bad Inspiration Souple,https://citymall-para.ma/produit/elgy-bad-inspiration-souple/
Elgy bad inter-active dure,https://citymall-para.ma/produit/elgy-bad-inter-active-dure/
Elgy bad inter-active medium,https://citymall-para.ma/produit/elgy-bad-inter-active-medium/
Elgy bad inter-active souple,https://citymall-para.ma/produit/elgy-bad-inter-active-souple/
Elgy bad junior Ice age 7/12 ans,https://citymall-para.ma/produit/elgy-bad-junior-ice-age-7-12-ans/
Elgy Bad Microball Medium,https://citymall-para.ma/produit/elgy-bad-microball-medium/
Elgy Bad Microball Souple,https://citymall-para.ma/produit/elgy-bad-microball-souple/
Elgy Bad Pocket Medium,https://citymall-para.ma/produit/elgy-bad-pocket-medium/
ELGYDIUM Bad Sensitive Souple,https://citymall-para.ma/produit/elgy-bad-sensitive-souple/
Elgy Bad Vital Medium,https://citymall-para.ma/produit/elgy-bad-vital-medium/
ELGYDIUM Bad Xtrem Medium,https://citymall-para.ma/produit/elgy-bad-xtrem-medium/
Elgy Bad Xtrem Souple,https://citymall-para.ma/produit/elgy-bad-xtrem-souple/
Elgy Bross Recharge Fine 3Mm B3 3793,https://citymall-para.ma/produit/elgy-bross-recharge-fine-3mm-b3-3793/
Elgy Brossette interd flex 4 mix large,https://citymall-para.ma/produit/elgy-brossette-interd-flex-4-mix-large/
Elgy Clinic recharge bleu 1.9mm,https://citymall-para.ma/produit/elgy-clinic-recharge-bleu-1-9mm/
Elgy Clinic recharge orange 2.7-3.5mm,https://citymall-para.ma/produit/elgy-clinic-recharge-orange-2-7-3-5mm/
Elgy Clinic recharge rouge 3-4mm,https://citymall-para.ma/produit/elgy-clinic-recharge-rouge-3-4mm/
Elgy Dent Anti-Plaque 75ml,https://citymall-para.ma/produit/elgy-dent-anti-plaque-75ml/
Elgy Dent Blancheur 75Ml,https://citymall-para.ma/produit/elgy-dent-blancheur-75ml/
Elgy Dent Elugel Gel Buccal 40Ml,https://citymall-para.ma/produit/elgy-dent-elugel-gel-buccal-40ml/
Elgy Dent Grenadine Junior 3/6ans 50ml,https://citymall-para.ma/produit/elgy-dent-grenadine-junior-3-6ans-50ml/
Elgy Dent Multi-action 75ml,https://citymall-para.ma/produit/elgy-dent-multi-action-75ml-2/
Elgy Dentif Dent Sensible 75Ml,https://citymall-para.ma/produit/elgy-dentif-dent-sensible-75ml/
Elgy Pansoral,https://citymall-para.ma/produit/elgy-pansoral/
Elliance Ck-Derm,https://citymall-para.ma/produit/elliance-ck-derm/
Elmex Bad sensitive Extra souple,https://citymall-para.ma/produit/elmex-bad-sensitive-extra-souple/
ELMEX Bain de Bouche Sensitive 400ML,https://citymall-para.ma/produit/elmex-bain-de-bouche-sensitive-400ml/
ELMEX DENTIFRICE SENSITIVE PROFESSIONAL 75 ML,https://citymall-para.ma/produit/elmex-dent-sensitive-75ml/
Elmex Dent Sensitive Blancheur 75ml,https://citymall-para.ma/produit/elmex-dent-sensitive-blancheur-75ml/
ELUDRIL Care Bain De Bouche 500ML,https://citymall-para.ma/produit/eludril-care-500ml/
EW bad to go flousserbrush RD,https://citymall-para.ma/produit/ew-bad-to-go-flousserbrush-rd/
FOLIO 120CPS,https://citymall-para.ma/produit/folio-120cps/
Forever white stylo blanchiment rapide,https://citymall-para.ma/produit/forever-white-stylo-blanchiment-rapide/
Forever White Stylo Blanchiment XL,https://citymall-para.ma/produit/forever-white-stylo-blanchiment-xl/
Gifrer Bicare Plus Dentifrice 75ml,https://citymall-para.ma/produit/gifrer-bicare-plus-dentifrice-75ml/
Gouttiere Blanchissante ready white,https://citymall-para.ma/produit/gouttiere-blanchissante-ready-white/
GUM 2 DENT ACTIVITAL 6050/2 PACK,https://citymall-para.ma/produit/gum-2-dent-activital-6050-2-pack/
GUM 2 DENT ORIGINAL WHITE N1745/2,https://citymall-para.ma/produit/gum-2-dent-original-white-n1745-2/
Gum Aftaclear gel 10ml 2400,https://citymall-para.ma/produit/gum-aftaclear-gel-10ml-2400/
GUM BAD ACTIVITAL 583,https://citymall-para.ma/produit/gum-bad-activital-583/
GUM BAD ACTIVITAL SONIC A PILE SOUPLE 4100,https://citymall-para.ma/produit/gum-bad-activital-sonic-a-pile-souple-4100/
GUM BAD ACTIVITAL SOUPLE 581,https://citymall-para.ma/produit/gum-bad-activital-souple-581/
GUM BAD ACTIVITAL ULTRA 585,https://citymall-para.ma/produit/gum-bad-activital-ultra-585/
GUM BAD BABY 0-2 ANS 213,https://citymall-para.ma/produit/gum-bad-baby-0-2-ans-213/
GUM BAD CLASSIQUE 411,https://citymall-para.ma/produit/gum-bad-classique-411/
GUM BAD DUO SUPER TIP 463 / 2,https://citymall-para.ma/produit/gum-bad-duo-super-tip-463-2/
GUM BAD MICRO-TIP MEDIUM 472M,https://citymall-para.ma/produit/gum-bad-micro-tip-medium-472m/
GUM BAD MICRO-TIP MEDIUM 473M,https://citymall-para.ma/produit/gum-bad-micro-tip-medium-473m/
GUM BAD MICRO-TIP SOUPLE 470,https://citymall-para.ma/produit/gum-bad-micro-tip-souple-470/
GUM BAD MICRO-TIP SOUPLE 471M,https://citymall-para.ma/produit/gum-bad-micro-tip-souple-471m/
GUM BAD MONOTOUFFE 308 RS,https://citymall-para.ma/produit/gum-bad-monotouffe-308-rs/
GUM BAD MONSTER JUNIOR 7-9 ANS 902,https://citymall-para.ma/produit/gum-bad-monster-junior-7-9-ans-902/
GUM BAD MONSTER JUNIOR LASER 7-9 ANS 903,https://citymall-para.ma/produit/gum-bad-monster-junior-laser-7-9-ans-903/
GUM BAD MONSTER KIDS 3-6 ANS 901,https://citymall-para.ma/produit/gum-bad-monster-kids-3-6-ans-901/
GUM BAD ORIGINAL WHITE MEDIUM 563,https://citymall-para.ma/produit/gum-bad-original-white-medium-563/
GUM BAD ORIGINAL WHITE SOUPLE 561,https://citymall-para.ma/produit/gum-bad-original-white-souple-561/
GUM BAD ORTHO DE VOYAGE 125PQ,https://citymall-para.ma/produit/gum-bad-ortho-de-voyage-125pq/
Gum Post Operation Cepillo Super Suave 317M,https://citymall-para.ma/produit/gum-bad-post-operation-317m/
GUM BAD RECHARGE PAR 2PCS 4210,https://citymall-para.ma/produit/gum-bad-recharge-par-2pcs-4210/
GUM BAD SENSIVITAL 509,https://citymall-para.ma/produit/gum-bad-sensivital-509/
GUM BAD SUPER-TIP MEDIUM 463,https://citymall-para.ma/produit/gum-bad-super-tip-medium-463/
GUM BAD TECHNIQUE MEDIUM 492,https://citymall-para.ma/produit/gum-bad-technique-medium-492/
GUM BAD TECHNIQUE MEDIUM 493M,https://citymall-para.ma/produit/gum-bad-technique-medium-493m/
Gum Bad technique pro Duo medium 1528,https://citymall-para.ma/produit/gum-bad-technique-pro-duo-medium-1528/
Gum Bad technique pro Duo souple 1525,https://citymall-para.ma/produit/gum-bad-technique-pro-duo-souple-1525/
Gum Bad Technique Pro Medium 528,https://citymall-para.ma/produit/gum-bad-technique-pro-medium-528/
Gum Bad Technique Pro Souple 525,https://citymall-para.ma/produit/gum-bad-technique-pro-souple-525/
Gum Bad Technique Souple 490,https://citymall-para.ma/produit/gum-bad-technique-souple-490/
Gum Bad Technique Souple 491M,https://citymall-para.ma/produit/gum-bad-technique-souple-491m/
Gum Bad teens +10 ans 904,https://citymall-para.ma/produit/gum-bad-teens-10-ans-904/
Gum Bain De Bouche Gingidex 300Ml,https://citymall-para.ma/produit/gum-bain-de-bouche-gingidex-300ml/
Gum Bain De Bouche Halicontrol 3050,https://citymall-para.ma/produit/gum-bain-de-bouche-halicontrol-3050/
Gum Bain de bouche Original White 1747,https://citymall-para.ma/produit/gum-bain-de-bouche-original-white-1747/
GUM BAIN DE BOUCHE SENSIVITAL PLUS 300ML,https://citymall-para.ma/produit/gum-bain-de-bouche-sensivital-plus-300ml/
GUM CURE DENT SOFT PICKS ADVANCED 650,https://citymall-para.ma/produit/gum-cure-dent-soft-picks-advanced-650/
GUM DENT ACTIVITAL 75ML+BAD TECHNIQUE MEDIUM PACK,https://citymall-para.ma/produit/gum-dent-activital-75mlbad-technique-medium-pack/
GUM PACK HALICONTROL DENT 75ML+BAD,https://citymall-para.ma/produit/gum-dent-halicontrol-75mlbad-technique-pro-pack/
Gum Dent Halicontrol N3040,https://citymall-para.ma/produit/gum-dent-halicontrol-n3040/
Gum Dentifrice Kids 2 à 6 ans 50ml,https://citymall-para.ma/produit/gum-dentifrice-kids-2-a-6-ans-50ml/
Gum dent ortho 75ml+Bad orthontic 124 pack,https://citymall-para.ma/produit/gum-dent-ortho-75mlbad-orthontic-124-pack/
Gum Dent sensivital+ bad sensivital pack,https://citymall-para.ma/produit/gum-dent-sensivital-bad-sensivital-pack/
Gum Dentifrice Gingidex 1755M,https://citymall-para.ma/produit/gum-dentifrice-gingidex-1755m/
Gum Dentifrice Junior 7+ 3004 50ml,https://citymall-para.ma/produit/gum-dentifrice-junior-7-3004/
Gum Dentifrice Original White 1745Mf,https://citymall-para.ma/produit/gum-dentifrice-original-white-1745mf/
Gum Dentifrice Sensivital Plus 6070,https://citymall-para.ma/produit/gum-dentifrice-sensivital-plus-6070/
Gum Easy Floss 2000,https://citymall-para.ma/produit/gum-easy-floss-2000/
Gum Fil Dentaire Cire 1555,https://citymall-para.ma/produit/gum-fil-dentaire-cire-1555/
Gum Fil Dentaire Cire Menthole 1855,https://citymall-para.ma/produit/gum-fil-dentaire-cire-menthole-1855/
Gum Fil Dentaire Expanding 2030M,https://citymall-para.ma/produit/gum-fil-dentaire-expanding-2030m/
GUM FIL DENTAIRE ORIGINAL WHITE 2040,https://citymall-para.ma/produit/gum-fil-dentaire-original-white-2040m/
Gum Fils Dentaires Non Cires 555,https://citymall-para.ma/produit/gum-fils-dentaires-non-cires-555/
Gum hydral gel humectant 6000 50ml,https://citymall-para.ma/produit/gum-hydral-gel-humectant-6000-50ml/
GUM Nettoyeur de Langue 760,https://citymall-para.ma/produit/gum-nettoyeur-de-langue-760/
GUM ORTHO BAIN DE BOUCHE ANTI-PLAQUE 300ML,https://citymall-para.ma/produit/gum-ortho-bain-de-bouche-3090/
GUM PROXABROSS CONIQUE MICRO FINE 2314M6,https://citymall-para.ma/produit/gum-proxabross-coniq-micro-fine-2314m6/
GUM PROXABROSS ULTRA-MICRO FINE 2114M6,https://citymall-para.ma/produit/gum-proxabross-ultra-micro-fine-2114m6/
GUM PROXABRUSH CONIQUE EXTRA-FINE 1514M4,https://citymall-para.ma/produit/gum-proxabrush-conique-extra-fine-1514m4/
GUM PROXABRUSH CONIQUE FINE 1614M4,https://citymall-para.ma/produit/gum-proxabrush-conique-fine-1614m4/
GUM PROXABRUSH CONIQUE. FINE 2614M6,https://citymall-para.ma/produit/gum-proxabrush-conique-fine-2614m6/
GUM PROXABRUSH CYLIN 1312,https://citymall-para.ma/produit/gum-proxabrush-cylin-1312/
GUM PROXABROSS CYLINDRIQUE EXTRA FINE 1512M4,https://citymall-para.ma/produit/gum-proxabrush-cylin-extra-fine-1512m4/
GUM PROXABROSS CYLINDRIQUE FINE 1612M4,https://citymall-para.ma/produit/gum-proxabrush-cylin-fine-1612m4/
GUM RECHARGE CONIQUE EXTRA-FINE 514M8,https://citymall-para.ma/produit/gum-recharge-coniq-extra-fine-514m8/
GUM RECHARGE CONIQUE. FINE 614M8,https://citymall-para.ma/produit/gum-recharge-conique-fine-614m8/
GUM RECHARGE CYLIND.EXTRA-FINE 512M8,https://citymall-para.ma/produit/gum-recharge-cylind-extra-fine-512m8/
GUM RECHARGE CYLINDRE.ULTRA-FINE 412M8,https://citymall-para.ma/produit/gum-recharge-cylindre-ultra-fine-412m8/
Gum Soft Picks Confort Menthole 40pcs 670,https://citymall-para.ma/produit/gum-soft-picks-confort-menthole-40pcs-670/
HALITA Bain de Bouche 500ML,https://citymall-para.ma/produit/halita-bain-de-bouche-500ml/
Halita bain de bouche mouthwash 150ml,https://citymall-para.ma/produit/halita-bain-de-bouche-mouthwash-150ml/
Halita dentifrice fluor toothpaste 75ml,https://citymall-para.ma/produit/halita-dentifrice-fluor-toothpaste-75ml/
Halita spray 15ml,https://citymall-para.ma/produit/halita-spray-15ml/
HALITA Tongue Cleaner,https://citymall-para.ma/produit/halita-tongue-cleaner/
INTERPROX plus conical 6 unités,https://citymall-para.ma/produit/interprox-plus-conical-6-unites/
INTERPROX plus micro 6 unités,https://citymall-para.ma/produit/interprox-plus-micro-6-unites/
Interprox plus mini,https://citymall-para.ma/produit/interprox-plus-mini/
INTERPROX plus mini conical 6 unités,https://citymall-para.ma/produit/interprox-plus-mini-conical/
INTERPROX plus mix range 6 unités,https://citymall-para.ma/produit/interprox-plus-mix-range-6-unites/
INTERPROX plus nano 6 unités,https://citymall-para.ma/produit/interprox-plus-nano-6-unites/
INTERPROX plus super micro 6 unités,https://citymall-para.ma/produit/interprox-plus-super-micro-6-unites/
Kin Bad Medium,https://citymall-para.ma/produit/kin-bad-medium/
Kin Bad Ortho,https://citymall-para.ma/produit/kin-bad-ortho/
Kin Bad Post Chirurgie,https://citymall-para.ma/produit/kin-bad-post-chirurgie/
KIN BAIN DE BOUCHE ALOE VERA 500 ML,https://citymall-para.ma/produit/kin-bain-de-bouche-aloe-vera-500-ml/
KIN CARE GEL 15ML,https://citymall-para.ma/produit/kin-care-gel-15ml/
Kin Dentifrice Blancheur Pate 75 Ml,https://citymall-para.ma/produit/kin-dentifrice-blancheur-pate-75-ml/
Kin Dentifrice Pate gingival 75 Ml,https://citymall-para.ma/produit/kin-dentifrice-pate-gingival-75-ml/
Listerine Fraicheur sans alcool 250ml,https://citymall-para.ma/produit/listerine-fraicheur-sans-alcool-250ml/
Listerine protection dents & gencives 500Ml,https://citymall-para.ma/produit/listerine-protection-dents-gencives-250ml/
Meridol Bad Protection gencives Gentle Souple,https://citymall-para.ma/produit/meridol-bad-protection-gencives-gentle-souple/
Meridol Bad Protection gencives Medium,https://citymall-para.ma/produit/meridol-bad-protection-gencives-medium/
Meridol Bain de Bouche protection gencives 100ml,https://citymall-para.ma/produit/meridol-bain-de-bouche-protection-gencives-100ml/
Meridol Bain De Bouche protection gencives 400ml,https://citymall-para.ma/produit/meridol-bain-de-bouche-protection-gencives-400ml/
Meridol Dent Protection gencives 75ml,https://citymall-para.ma/produit/meridol-dent-protection-gencives-75ml/
Meridol Dents Protection gencives Blancheur 75ml,https://citymall-para.ma/produit/meridol-dents-protection-gencives-blancheur-75ml/
Mesoestetic Acne One 50ml,https://citymall-para.ma/produit/mesoestetic-acne-one-50ml/
Mira Bad Carebrush White Rose,https://citymall-para.ma/produit/mira-bad-carebrush-white-rose/
Mira Bad Carebrush White Verte,https://citymall-para.ma/produit/mira-bad-carebrush-white-verte/
Mira Bad Enfant Bleu 630049,https://citymall-para.ma/produit/mira-bad-enfant-bleu-630049/
Mira Bad Enfant Bleu-Ciel 630048,https://citymall-para.ma/produit/mira-bad-enfant-bleu-ciel-630048/
Mira bad Kids Brush Rose Canard 630046,https://citymall-para.ma/produit/mira-bad-kids-brush-rose-canard-630046/
Mira Halitosis Spray 15 Ml,https://citymall-para.ma/produit/mira-halitosis-spray-15-ml/
Mira i-prox L assortiment 630216,https://citymall-para.ma/produit/mira-i-prox-l-assortiment-630216/
Mira i-prox L orange 630214,https://citymall-para.ma/produit/mira-i-prox-l-orange-630214/
Mira Paroguard Chx 200 Ml 630087,https://citymall-para.ma/produit/mira-paroguard-chx-200-ml-630087/
Mira Xylitol Functional Drops Cherry 26pcs 630171,https://citymall-para.ma/produit/mira-xylitol-functional-drops-cherry-26pcs-630171/
Mira Xylitol Functional Drops Mint 26pcs 630172,https://citymall-para.ma/produit/mira-xylitol-functional-drops-mint-26pcs-630172/
Miradent aquamed display,https://citymall-para.ma/produit/miradent-aquamed-display/
Miradent BAD super soft,https://citymall-para.ma/produit/miradent-bad-super-soft/
Miradent mirafluor gel 250ml,https://citymall-para.ma/produit/miradent-mirafluor-gel-250ml/
Miradent Tong Clin Set 630060,https://citymall-para.ma/produit/miradent-tong-clin-set-630060/
Mirafloss Ichx Tape 630078,https://citymall-para.ma/produit/mirafloss-ichx-tape-630078/
Mirafloss Implant Chx Medium 630135,https://citymall-para.ma/produit/mirafloss-implant-chx-medium-630135/
Mirafluor Chx Liquid 500Ml 630086,https://citymall-para.ma/produit/mirafluor-chx-liquid-500ml-630086/
Mirafluor Dentifrice 100Ml 630083,https://citymall-para.ma/produit/mirafluor-dentifrice-100ml-630083/
Mirasensitive Hap+,https://citymall-para.ma/produit/mirasensitive-hap/
Mirawhite Gelée blanchissante 100ml,https://citymall-para.ma/produit/mirawhite-gelee-blanchissante-100ml/
Mixa Cica Crème Nourrissante Réparatrice BIO 50ml,https://citymall-para.ma/produit/mixa-cica-creme-nourrissante-reparatrice-bio-50ml/
Mixa Cica-Crème Réparatrice Zones Fragilisées 50ml,https://citymall-para.ma/produit/mixa-cica-creme-reparatrice-zones-fragilisees-50ml/
Mixa Hyalurogel Crème Hydratant Riche 24h 50ml,https://citymall-para.ma/produit/mixa-hyalurogel-creme-hydratant-riche-24h-50ml/
Novafix Crème Adhesive 20G,https://citymall-para.ma/produit/novafix-creme-adhesive-20g/
NOVAFIX CRÈME ADHESIVE 40G,https://citymall-para.ma/produit/novafix-creme-adhesive-40g/
Oral-B Bad 3D White 35 Soft,https://citymall-para.ma/produit/oral-b-bad-3d-white-35-soft/
Oral-B Bad 3D White 40 Medium,https://citymall-para.ma/produit/oral-b-bad-3d-white-40-medium/
Oral-B Bad Baby 0-2 years extra soft,https://citymall-para.ma/produit/oral-b-bad-baby-0-2-years-extra-soft/
Oral-B Bad Electrique vitality Cross Action,https://citymall-para.ma/produit/oral-b-bad-electrique-vitality-cross-action/
Oral-B Bad Expert A Pile,https://citymall-para.ma/produit/oral-b-bad-expert-a-pile/
Oral-B Bad Expert Anti-Bac 40Med,https://citymall-para.ma/produit/oral-b-bad-expert-anti-bac-40med/
Oral-B Bad Expert Massage 35Soft,https://citymall-para.ma/produit/oral-b-bad-expert-massage-35soft/
Oral-B Bad Kids 3-5 years soft,https://citymall-para.ma/produit/oral-b-bad-kids-3-5-years-soft/
Oral-B bad natural 1+1 pack,https://citymall-para.ma/produit/oral-b-bad-natural-11-pack/
ORAL-B Bad Orthodontique,https://citymall-para.ma/produit/oral-b-bad-orthodontique/
ORAL-B Bad Pro Expert All-in-one Complete 40 Medium,https://citymall-para.ma/produit/oral-b-bad-pro-expert-all-in-one-complete-40-medium/
ORAL-B Bad Pro Expert Anti Bacterial 1+1 Pack,https://citymall-para.ma/produit/oral-b-bad-pro-expert-anti-bacterial-11-pack/
Oral-b bad pro flex soft 1+1,https://citymall-para.ma/produit/oral-b-bad-pro-flex-soft-11/
ORAL-B Bad Pro-Expert All-in-one 1+1 Medium 40,https://citymall-para.ma/produit/oral-b-bad-pro-expert-all-in-one-11-medium-40/
ORAL-B Bad Pro-Flex Soft,https://citymall-para.ma/produit/oral-b-bad-pro-flex-soft/
ORAL-B Bad Rechargeable Kids Frozen +3ans,https://citymall-para.ma/produit/oral-b-bad-rechargeable-kids-frozen-3ans/
Oral-B Brosse à Dents Action Croisée Soin des Gencives (1+1) Offre,https://citymall-para.ma/produit/oral-b-bad-ulthratin-gum-enamel-crossaction/
ORAL-B Bad Ultrathin Black,https://citymall-para.ma/produit/oral-b-bad-ultrathin-black/
ORAL-B Bad Ultra-Thin Black Extra Soft,https://citymall-para.ma/produit/oral-b-bad-ultrathin-black-extra-soft/
ORAL-B Brosse à Dent Ultra-Thin Green Tea,https://citymall-para.ma/produit/oral-b-brosse-a-dent-ultra-thin-green-tea/
ORAL-B Bad Ultra-Thin Precision Clean Soft 1+1 Pack,https://citymall-para.ma/produit/oral-b-bad-ultrathin-precision-clean-soft-11-pack/
ORAL-B Bad Vision 40 Soft,https://citymall-para.ma/produit/oral-b-bad-vision-40-soft/
ORAL-B Bad Vision Medium 40,https://citymall-para.ma/produit/oral-b-bad-vision-medium-40/
ORAL-B Fil Dentaire Satin Floss,https://citymall-para.ma/produit/oral-b-fil-dentaire-satinfloss/
Oral-B Oxyjet 2000,https://citymall-para.ma/produit/oral-b-oxyjet-2000/
Oral-B Recharge Pour Brosse Kids Cars B2,https://citymall-para.ma/produit/oral-b-recharge-pour-brosse-kids-cars-b2/
Oral-B Recharge Precision Clean EB-20,https://citymall-para.ma/produit/oral-b-recharge-precision-clean-eb-20/
Oral-B Recharge Sensi Ultrathin EB 60,https://citymall-para.ma/produit/oral-b-recharge-sensi-ultrathin-eb-60/
OROPROPOLIS Baume Bucco Gingival,https://citymall-para.ma/produit/oropropolis-baume-bucco-gingival/
oropropolis Tablettes,https://citymall-para.ma/produit/oropropolis-tablettes/
Parodontax Dentifrice Blancheur 75ml,https://citymall-para.ma/produit/parodontax-dentifrice-blancheur-75ml/
Parodontax Dentifrice Fraîcheur Intense 75ml,https://citymall-para.ma/produit/parodontax-dentifrice-fraicheur-intense-75ml/
Parodontax Fluor Gel 75ml,https://citymall-para.ma/produit/parodontax-fluor-gel-75ml/
Parodontax Fluor Pate,https://citymall-para.ma/produit/parodontax-fluor-pate/
Perio-aid bain de bouche Acive control 0.05% 150ml,https://citymall-para.ma/produit/perio-aid-bain-de-bouche-acive-control-0-05-150ml/
KIN PERIOKIN GEL,https://citymall-para.ma/produit/periokin-gel/
KIN PERIOKIN SPRAY,https://citymall-para.ma/produit/periokin-spray/
Polident corega original 40gr,https://citymall-para.ma/produit/polident-corega-original-40gr/
Polident Fix Soin & Tolerance 40g,https://citymall-para.ma/produit/polident-fix-soin-tolerance-40g/
Polident Total Action 36cps,https://citymall-para.ma/produit/polident-total-action-36cps/
president brosse a dents active soft microfine,https://citymall-para.ma/produit/president-brosse-a-dents-active-soft-microfine/
PRESIDENT Baby 0-4 ans soft,https://citymall-para.ma/produit/president-baby-0-4-ans-soft/
PRESIDENT Brosse à Dent Classic,https://citymall-para.ma/produit/president-brosse-a-dent-classic/
President Bad Kids Junior 5-11,https://citymall-para.ma/produit/president-bad-kids-junior-5-11/
President Bad Teens 12+,https://citymall-para.ma/produit/president-bad-teens-12/
president brosse a dent white medium,https://citymall-para.ma/produit/president-brosse-a-dent-white-medium/
President bain de bouche active 200ml,https://citymall-para.ma/produit/president-bain-de-bouche-active-200ml/
President Bain de Bouche Profi 200ml,https://citymall-para.ma/produit/president-bain-de-bouche-profi-200ml/
PRESIDENT Dentifrice active 50 ml,https://citymall-para.ma/produit/president-dentifrice-active-50-ml/
PRESIDENT Défense Bain De Bouche 50 ml,https://citymall-para.ma/produit/president-defense-bain-de-bouche-50-ml/
Président Dentifrice Junior 6 ans goût citron 50 ml,https://citymall-para.ma/produit/president-dentifrice-junior-6-ans-gout-citron-50-ml/
PRESIDENT Dentifrice sensitive 50 ml,https://citymall-para.ma/produit/president-dentifrice-sensitive-50-ml/
PRESIDENT Dentifrice active plus 30ml,https://citymall-para.ma/produit/president-dentifrice-active-plus-30ml/
PRESIDENT dentifrice bébé première dent 0-3 ans,https://citymall-para.ma/produit/president-dentifrice-bebe-premiere-dent-0-3-ans/
PRESIDENT Dentifrice classic 50 ml,https://citymall-para.ma/produit/president-dentifrice-classic-50-ml/
PRESIDENT Dentifrice classic 75 ml,https://citymall-para.ma/produit/president-dentifrice-classic-75-ml/
PRESIDENT Dentifrice eco bio 75ml,https://citymall-para.ma/produit/president-dentifrice-eco-bio-75ml/
President dentifrice junior 6+ Fraise,https://citymall-para.ma/produit/president-dentifrice-junior-6-fraise/
President dentifrice kids 3-6 cola,https://citymall-para.ma/produit/president-dentifrice-kids-3-6-cola/
President dentifrice kids 3-6 fraise,https://citymall-para.ma/produit/president-dentifrice-kids-3-6-fraise/
President dentifrice sensitive 75ml,https://citymall-para.ma/produit/president-dentifrice-sensitive-75ml/
PRESIDENT Dentifrice TEENS 12+ 50ML,https://citymall-para.ma/produit/president-dentifrice-teens-12-50ml/
President gel Profi plus 0.50% 30ml,https://citymall-para.ma/produit/president-gel-profi-plus-0-50-30ml/
President gel sensitive plus 30ml,https://citymall-para.ma/produit/president-gel-sensitive-plus-30ml/
Pro Vital Dentifrice Blancheur Au Charbon Actif 75g,https://citymall-para.ma/produit/pro-vital-dentifrice-blancheur-au-charbon-actif-75g/
Pro-vital Dentifrice Soin Complet Multiprévention 75g,https://citymall-para.ma/produit/pro-vital-dentifrice-soin-complet-multiprevention-75g/
Sensodyne Pro-Émail Brosse A Dents Extra Souple,https://citymall-para.ma/produit/sensodyne-pro-email-brosse-a-dents-extra-souple/
Sensodyne Pro Email Brosse A Dents Souple,https://citymall-para.ma/produit/sensodyne-pro-email-brosse-a-dents-souple/
Sensodyne Pro Email Bain De Bouche 250Ml,https://citymall-para.ma/produit/sensodyne-pro-email-bain-de-bouche-250ml/
Pro-vital Poudre Blanchiment Dentaire Au Charbon 20g,https://citymall-para.ma/produit/pro-vital-poudre-blanchiment-dentaire-au-charbon-20g/
Sanogyl Bad Soin Inter-Dentaire Souple,https://citymall-para.ma/produit/sanogyl-bad-soin-inter-dentaire-souple/
SANOGYL Bi-Protect Soin Complet Dents ET Gencives 75ml,https://citymall-para.ma/produit/sanogyl-bi-protect-soin-complet-dents-et-gencives-75ml/
Sanogyl Soin Essentiel Dentifrice Blancheur 75ml,https://citymall-para.ma/produit/sanogyl-soin-essentiel-dentifrice-blancheur-75ml/
Sanogyl soin essentiel dents blancheur 75ml,https://citymall-para.ma/produit/sanogyl-soin-essentiel-dents-blancheur-75ml/
SELMARIN dermo soins tube 80g,https://citymall-para.ma/produit/selmarin-dermo-soins-tube-80g/
Sensikin Dentifrice Pate 75 Ml,https://citymall-para.ma/produit/sensikin-dentifrice-pate-75-ml/
Sensodyne Bad Extra-Souple,https://citymall-para.ma/produit/sensodyne-bad-extra-souple/
Sensodyne Bad Medium,https://citymall-para.ma/produit/sensodyne-bad-medium/
Sensodyne Bad Souple,https://citymall-para.ma/produit/sensodyne-bad-souple/
Sensodyne Brossettes Interdentaires 2MM,https://citymall-para.ma/produit/sensodyne-brossettes-interdentaires/
Sensodyne Dent Action sensibilite 75ml,https://citymall-para.ma/produit/sensodyne-dent-action-sensibilite-75ml/
Sensodyne dent Anti-caries 75ml,https://citymall-para.ma/produit/sensodyne-dent-anti-caries-75ml/
Sensodyne Dent multi protection 75 ml,https://citymall-para.ma/produit/sensodyne-dent-multi-protection-75-ml/
Sensodyne Dent multi protection Blancheur 75 ml,https://citymall-para.ma/produit/sensodyne-dent-multi-protection-blancheur-75-ml/
Sensodyne Dent Rapide Blancheur 75 ml,https://citymall-para.ma/produit/sensodyne-dent-rapide-blancheur-75-ml/
Sensodyne Dent Rapide extra fresh 75Ml,https://citymall-para.ma/produit/sensodyne-dent-rapide-extra-fresh-75ml/
Sensodyne Dent Repare & Protege 75ml,https://citymall-para.ma/produit/sensodyne-dent-repare-protege-75ml/
Sensodyne dent repare protege blancheur 75ml,https://citymall-para.ma/produit/sensodyne-dent-repare-protege-blancheur-75ml/
SENSODYNE BLANCHEUR 75ML,https://citymall-para.ma/produit/sensodyne-dent-soin-blancheur/
Sensodyne Dent Soin Complet,https://citymall-para.ma/produit/sensodyne-dent-soin-complet/
Sensodyne dent soin fluor Actif 75ml,https://citymall-para.ma/produit/sensodyne-dent-soin-fluor-actif-75ml/
Sensodyne Dent soin gencives 75Ml,https://citymall-para.ma/produit/sensodyne-dent-soin-gencives-75ml/
Sensodyne Fil Dentaire,https://citymall-para.ma/produit/sensodyne-fil-dentaire/
Souakine Pate Gingivo-Dentaire Fluorée Au Souak 50 ml,https://citymall-para.ma/produit/souakine-pate-gingivo-dentaire-fluoree-au-souak-50-ml/
Swissdent biocare 50ml,https://citymall-para.ma/produit/swissdent-biocare-50ml/
